"id","custom_date","master_development","sub_loc_1","sub_loc_2","sub_loc_3","sub_loc_4","total_sales_price_val","sales_price_sqft_unit","sales_price_sqm_unit","unit_size_sqft","unit_size_sqm","unit_type","no_beds","custom_view","maid","study","balcony","plot_size_sqft","plot_size_sqm","developer_type","floor_level","evdnc_name","comments","dev_name","unit_no","sale_sequence"
"12587489","2026-03-18","Palm Jumeirah","Marina Residences","Marina Residences 4","","","3800000","1863","20044","2040","189.58","Apartment","2","Community View","","","Y","0","0","","3","Title Deed","","Nakheel","","Resale"
"12582001","2026-03-12","Palm Jumeirah","Marina Residences","Marina Residences 1","","","3850000","1883","20264","2045","189.99","Apartment","2","","","","Y","0","0","","1","Title Deed","","Nakheel","","Resale"
"12578805","2026-03-10","Palm Jumeirah","Marina Residences","Marina Residences 1","","","4175000","2349","25275","1777","165.18","Apartment","2","","","","Y","0","0","","13","Title Deed","","Nakheel","","Resale"
"12589005","2026-03-05","Palm Jumeirah","Marina Residences","Marina Residences 3","","","4850000","1989","21411","2438","226.52","Apartment","3","Community,Partial Sea","","","Y","0","0","","2nd","Pending Sales (SPA/MOU)","","Nakheel","",""
"12565071","2026-02-24","Palm Jumeirah","Marina Residences","Marina Residences 3","","","3307284","1675","18022","1975","183.51","Apartment","2","","","","Y","0","0","","1","Title Deed","","Nakheel","","Resale"
"12564470","2026-02-23","Palm Jumeirah","Marina Residences","Marina Residences 5","","","7000000","2871","30896","2438","226.57","Apartment","3","","","","Y","0","0","","8","Title Deed","","Nakheel","","Resale"
"12553160","2026-02-19","Palm Jumeirah","Marina Residences","Marina Residences 4","","","15500000","3824","41160","4053","376.58","Apartment","3","Community,Marina,Sea","","","Y","0","0","","13","Title Deed","","Nakheel","","Resale"
"12552345","2026-02-18","Palm Jumeirah","Marina Residences","Marina Residences 1","","","3200000","1800","19372","1778","165.19","Apartment","2","","","","Y","0","0","","13","Title Deed","","Nakheel","","Resale"
"12548239","2026-02-13","Palm Jumeirah","Marina Residences","Marina Residences 4","","","4999000","2050","22056","2439","226.65","Apartment","3","Sea View","","","Y","0","0","","3","Title Deed","","Nakheel","","Resale"
"12552149","2026-02-11","Palm Jumeirah","Marina Residences","Marina Residences 4","","","3900000","1912","20572","2040","189.58","Apartment","2","Community View","","","Y","0","0","","3","Pending Sales (SPA/MOU)","","Nakheel","",""
"12530201","2026-02-06","Palm Jumeirah","Marina Residences","Marina Residences 3","","","10000000","2503","26935","3996","371.26","Apartment","2","","NULL","NULL","NULL","0","0","NULL","LG","Active Listings","Luxury Living | Upgraded | Vacant","Nakheel","",""
"12533788","2026-02-06","Palm Jumeirah","Marina Residences","Marina Residences 2","","","4950000","2835","30556","1746","162","Apartment","2","","NULL","NULL","NULL","0","0","NULL","","Active Listings","2 BR Plus Maid C Type | Full Sea and Skyline View | Huge Balcony","Nakheel","",""
"12533729","2026-02-06","Palm Jumeirah","Marina Residences","Marina Residences 3","","","5300000","2174","23451","2438","226","Apartment","3","","NULL","NULL","NULL","0","0","NULL","","Active Listings","B Type Unit | Low Floor | Great Price","Nakheel","",""
"12525497","2026-02-05","Palm Jumeirah","Marina Residences","Marina Residences 1","","","4950000","2853","30711","1735","161.18","Apartment","2","","NULL","NULL","NULL","0","0","NULL","5","Active Listings","Exclusive | Sea View | 2 Bedroom | Rare","Nakheel","",""
"12521556","2026-02-04","Palm Jumeirah","Marina Residences","Marina Residences 5","","","4750000","2738","29465","1735","161.21","Apartment","2","","NULL","NULL","NULL","0","0","NULL","5","Active Listings","Full Marina Views | Vacant | Type C","Nakheel","",""
"12520023","2026-02-04","Palm Jumeirah","Marina Residences","Marina Residences 2","","","4500000","2406","25902","1870","173.73","Apartment","2","Community,Swimming Pool,Road,Partial Marina","NULL","NULL","NULL","0","0","NULL","10","Active Listings","High Floor | D Type | Sea View","Nakheel","",""
"12517824","2026-02-04","Palm Jumeirah","Marina Residences","Marina Residences 2","","","12900000","3183","34256","4053","376.58","Apartment","3","","","","Y","0","0","","6","Title Deed","","Nakheel","","Resale"
"12519649","2026-02-04","Palm Jumeirah","Marina Residences","Marina Residences 4","","","4500000","2406","25902","1870","173.73","Apartment","2","","NULL","NULL","NULL","0","0","NULL","5","Active Listings","Vacant | Palm Views | View Today","Nakheel","",""
"12515865","2026-02-03","Palm Jumeirah","Marina Residences","Marina Residences 3","","","14250000","3516","37841","4053","376.58","Apartment","3","","NULL","NULL","NULL","0","0","NULL","4","Active Listings","Stunning Sunset | Full Renovation | New Home","Nakheel","",""
"12514689","2026-02-03","Palm Jumeirah","Marina Residences","Marina Residences 2","","","6200000","3573","38466","1735","161.18","Apartment","2","","NULL","NULL","NULL","0","0","NULL","6","Active Listings","Updated Interior | Type C | Fronds View","Nakheel","",""
"12514231","2026-02-03","Palm Jumeirah","Marina Residences","Marina Residences 6","","","4500000","2205","23737","2041","189.58","Apartment","2","","NULL","NULL","NULL","0","0","NULL","3","Active Listings","Exclusive | Large Terrace | Upgraded","Nakheel","",""
"12510015","2026-02-02","Palm Jumeirah","Marina Residences","Marina Residences 3","","","7300000","2994","32220","2438","226.57","Apartment","3","","","","Y","0","0","","9","Title Deed","","Nakheel","","Resale"
"12507599","2026-02-01","Palm Jumeirah","Marina Residences","Marina Residences 3","","","4200000","2055","22118","2044","189.89","Apartment","2","","NULL","NULL","NULL","0","0","NULL","2","Active Listings","Luxury Upgraded Beach Front Apt | Semi-Furnished","Nakheel","",""
"12503693","2026-01-31","Palm Jumeirah","Marina Residences","Marina Residences 2","","","8500000","3485","37516","2439","226.57","Apartment","3","","NULL","NULL","NULL","0","0","NULL","6","Active Listings","Exclusive | Vacant | Actual Pictures | Sunset View","Nakheel","",""
"12498782","2026-01-30","Palm Jumeirah","Marina Residences","Marina Residences 3","","","4800000","2767","29775","1735","161.21","Apartment","2","","NULL","NULL","NULL","0","0","NULL","9","Active Listings","Bldg 03 | Type C | Full Sea View | High Floor","Nakheel","",""
"12498807","2026-01-30","Palm Jumeirah","Marina Residences","Marina Residences 5","","","4700000","2297","24729","2046","190.06","Apartment","2","","NULL","NULL","NULL","0","0","NULL","1","Active Listings","Rare Apartment | Direct Access to Pool | Type C","Nakheel","",""
"12498628","2026-01-30","Palm Jumeirah","Marina Residences","Marina Residences 4","","","7800000","3197","34413","2440","226.66","Apartment","3","","NULL","NULL","NULL","0","0","NULL","4","Active Listings","Bldg 04 | Full Sea View | 3 Beds+Maid | Type B","Nakheel","",""
"12496457","2026-01-29","Palm Jumeirah","Marina Residences","Marina Residences 5","","","4500000","2594","27914","1735","161.21","Apartment","2","","NULL","NULL","NULL","0","0","NULL","5","Active Listings","PALM JUMEIRAH | SEA FACING | SPACIOUS","Nakheel","",""
"12495201","2026-01-29","Palm Jumeirah","Marina Residences","Marina Residences 4","","","3900000","1912","20572","2040","189.58","Apartment","2","Community View","NULL","NULL","Y","0","0","NULL","3","Active Listings","Multi options available Vacant in MR4","Nakheel","",""
"12485773","2026-01-28","Palm Jumeirah","Marina Residences","Marina Residences 4","","","15250000","3763","40496","4053","376.58","Apartment","3","","","","Y","0","0","","12","Title Deed","","Nakheel","","Resale"
"12482993","2026-01-27","Palm Jumeirah","Marina Residences","Marina Residences 2","","","6000000","3458","37225","1735","161.18","Apartment","2","","NULL","NULL","NULL","0","0","NULL","6","Active Listings","Stunning Palm Views | Spacious Living | Vacant","Nakheel","",""
"12475241","2026-01-25","Palm Jumeirah","Marina Residences","Marina Residences 3","","","4700000","2709","29155","1735","161.21","Apartment","2","","NULL","NULL","NULL","0","0","NULL","8","Active Listings","UPGRADED | PANORAMIC ATLANTIS SEA VIEW | RESALE","Nakheel","",""
"12475010","2026-01-25","Palm Jumeirah","Marina Residences","Marina Residences 6","","","4999999","2049","22060","2440","226.65","Apartment","3","","NULL","NULL","NULL","0","0","NULL","3","Active Listings","HIGH FLOOR | MARINA RESIDENCES | COMMUNITY VIEW","Nakheel","",""
"12472926","2026-01-24","Palm Jumeirah","Marina Residences","Marina Residences 1","","","4500000","2410","25946","1867","173.44","Apartment","2","","NULL","NULL","NULL","0","0","NULL","4","Active Listings","Two Bedroom + Maids | Marina View | Upgraded","Nakheel","",""
"12472713","2026-01-24","Palm Jumeirah","Marina Residences","Marina Residences 3","","","5500000","2256","24336","2438","226","Apartment","3","","NULL","NULL","NULL","0","0","NULL","","Active Listings","B Type Unit | Low Floor | Great Price","Nakheel","",""
"12472829","2026-01-24","Palm Jumeirah","Marina Residences","Marina Residences 3","","","13000000","5151","55430","2524","234.53","Apartment","3","","NULL","NULL","Y","0","0","NULL","11","Active Listings","Luxury | High Floor | Sea View","Nakheel","",""
"12469045","2026-01-23","Palm Jumeirah","Marina Residences","Marina Residences 6","","","7100000","2595","27935","2736","254.16","Apartment","3","Marina","NULL","NULL","NULL","0","0","NULL","1","Active Listings","Exclusive Upgraded 3BR Apartment | Palm Jumeirah","Nakheel","",""
"12469557","2026-01-23","Palm Jumeirah","Marina Residences","Marina Residences 3","","","10000000","2503","26954","3996","371","Apartment","3","","NULL","NULL","NULL","0","0","NULL","","Active Listings","Rare To Market | Upgraded | Vacant On Transfer","Nakheel","",""
"12466611","2026-01-23","Palm Jumeirah","Marina Residences","Marina Residences 6","","","6000000","3436","36996","1746","162.18","Apartment","2","","NULL","NULL","NULL","0","0","NULL","13","Active Listings","HIGH FLOOR | PALM JUMEIRAH | SEA VIEW","Nakheel","",""
"12462749","2026-01-22","Palm Jumeirah","Marina Residences","Marina Residences 1","","","4500000","2410","25946","1867","173.44","Apartment","2","","NULL","NULL","Y","0","0","NULL","4","Active Listings","Unfurnished | Marina View | Mid Floor","Nakheel","",""
"12457410","2026-01-22","Palm Jumeirah","Marina Residences","Marina Residences 2","","","5900000","2987","32151","1975","183.51","Apartment","2","","NULL","NULL","Y","0","0","NULL","1","Active Listings","Modern and renovated | swimming pool view","Nakheel","",""
"12456915","2026-01-22","Palm Jumeirah","Marina Residences","Marina Residences 3","","","10000000","2503","26935","3996","371.26","Apartment","2","","NULL","NULL","Y","0","0","NULL","LG","Active Listings","Rare To Market | Upgraded | Vacant On Transfer","Nakheel","",""
"12460007","2026-01-22","Palm Jumeirah","Marina Residences","Marina Residences 3","","","14250000","3516","37841","4053","376.58","Apartment","3","","NULL","NULL","Y","0","0","NULL","4","Active Listings","Stunning Sunset | Full Renovation | New Home","Nakheel","",""
"12460021","2026-01-22","Palm Jumeirah","Marina Residences","Marina Residences 5","","","9500000","3475","37397","2734","254.03","Apartment","3","Marina","NULL","NULL","Y","0","0","NULL","G","Active Listings","Full Sea View | Terrace | Upgraded | VOT","Nakheel","",""
"12463220","2026-01-21","Palm Jumeirah","Marina Residences","Marina Residences 6","","","6000000","3436","36996","1746","162.18","Apartment","2","","NULL","NULL","Y","0","0","NULL","13","Active Listings","FAMILY BUILDING | SEA VIEW | SPACIOUS APARTMENT","Nakheel","",""
"12449954","2026-01-20","Palm Jumeirah","Marina Residences","Marina Residences 4","","","5700000","2793","30066","2041","189.58","Apartment","2","Community View","NULL","NULL","Y","0","0","NULL","3","Active Listings","High Spec Renovation | Huge Extended Terrace","Nakheel","",""
"12480198","2026-01-20","Palm Jumeirah","Marina Residences","Marina Residences 4","","","15500000","3824","41160","4053","376.58","Apartment","3","Community,Marina,Sea","","","Y","0","0","","13","Pending Sales (SPA/MOU)","","Nakheel","",""
"12441176","2026-01-17","Palm Jumeirah","Marina Residences","Marina Residences 3","","","14500000","3578","38504","4053","376.58","Apartment","3","","NULL","NULL","Y","0","0","NULL","4","Active Listings","Stunning Sunset | Full Renovation | New Home","Nakheel","",""
"12440516","2026-01-17","Palm Jumeirah","Marina Residences","Marina Residences 2","","","5900000","2987","32151","1975","183.51","Apartment","2","","NULL","NULL","Y","0","0","NULL","1","Active Listings","Premium Upgrade | Brand New | Turnkey | Pool Level","Nakheel","",""
"12439043","2026-01-16","Palm Jumeirah","Marina Residences","Marina Residences 4","","","5700000","2793","30066","2041","189.58","Apartment","2","Community View","NULL","NULL","Y","0","0","NULL","3","Active Listings","Upgraded | Extended Terrace | VOT","Nakheel","",""
"12434745","2026-01-15","Palm Jumeirah","Marina Residences","Marina Residences 4","","","5000000","2864","30830","1746","162.18","Apartment","2","","NULL","NULL","Y","0","0","NULL","11","Active Listings","Vacant | Burj and Sea Views | High Floor","Nakheel","",""
"12420775","2026-01-15","Palm Jumeirah","Marina Residences","Marina Residences 4","","","5000000","2864","30830","1746","162.18","Apartment","2","","NULL","NULL","Y","0","0","NULL","11","Active Listings","Sea View | Vacant Now | High Floor Unit","Nakheel","",""
"12431272","2026-01-15","Palm Jumeirah","Marina Residences","Marina Residences 4","","","9500000","3895","41930","2439","226.57","Apartment","3","","NULL","NULL","Y","0","0","NULL","6","Active Listings","Brand New Renovation | Sea And Burj Views | Vacant","Nakheel","",""
"12418096","2026-01-14","Palm Jumeirah","Marina Residences","Marina Residences 2","","","4100000","2103","22629","1950","181.18","Apartment","2","","NULL","NULL","Y","0","0","NULL","3","Active Listings","UPGRADED | SEA AND POOL VIEW | LARGE TERRACE","Nakheel","",""
"12418103","2026-01-14","Palm Jumeirah","Marina Residences","Marina Residences 2","","","5900000","2987","32151","1975","183.51","Apartment","2","","NULL","NULL","Y","0","0","NULL","1","Active Listings","TURN-KEY | DIRECT POOL ACCESS | ONE OF A KIND","Nakheel","",""
"12420427","2026-01-14","Palm Jumeirah","Marina Residences","Marina Residences 3","","","5500000","2256","24280","2438","226.52","Apartment","3","","NULL","NULL","Y","0","0","NULL","2","Active Listings","Luxury 3BR Marina Residence | Palm Jumeirah","Nakheel","",""
"12412473","2026-01-13","Palm Jumeirah","Marina Residences","Marina Residences 4","","","3900000","2016","21691","1935","179.8","Apartment","2","Community View","NULL","NULL","Y","0","0","NULL","3","Active Listings","Spacious Layout | Big Terrace | Well maintained","Nakheel","",""
"12406059","2026-01-11","Palm Jumeirah","Marina Residences","Marina Residences 3","","","10000000","2503","26935","3996","371.26","Apartment","2","","NULL","NULL","Y","0","0","NULL","LG","Active Listings","Marina Views | Upgraded | 3,966 sqft","Nakheel","",""
"12401994","2026-01-11","Palm Jumeirah","Marina Residences","Marina Residences 6","","","4500000","2594","27914","1735","161.21","Apartment","2","","NULL","NULL","Y","0","0","NULL","7","Active Listings","Beautifully Upgraded | Vacant | Sea View","Nakheel","",""
"12403276","2026-01-11","Palm Jumeirah","Marina Residences","Marina Residences 3","","","4200000","2055","22118","2044","189.89","Apartment","2","","NULL","NULL","Y","0","0","NULL","2","Active Listings","Good ROI | Waterfront | Upgraded Apt","Nakheel","",""
"12406115","2026-01-11","Palm Jumeirah","Marina Residences","Marina Residences 6","","","4300000","2221","23905","1936","179.88","Apartment","2","","NULL","NULL","Y","0","0","NULL","4","Active Listings","2 Bedroom | VOT | Atlantis and Marina View","Nakheel","",""
"12405484","2026-01-11","Palm Jumeirah","Marina Residences","Marina Residences 3","","","4200000","2055","22118","2044","189.89","Apartment","2","","NULL","NULL","Y","0","0","NULL","2","Active Listings","Beachfront Apt| Fully Upgraded | Sem- Furnished","Nakheel","",""
"12394813","2026-01-09","Palm Jumeirah","Marina Residences","Marina Residences 6","","","4100000","2363","25433","1735","161.21","Apartment","2","","NULL","NULL","Y","0","0","NULL","6","Active Listings","Vacant now | C Type | Best Priced","Nakheel","",""
"12396410","2026-01-09","Palm Jumeirah","Marina Residences","Marina Residences 5","","","4500000","2594","27914","1735","161.21","Apartment","2","","NULL","NULL","Y","0","0","NULL","5","Active Listings","PALM JUMEIRAH | SEA FACING | SPACIOUS","Nakheel","",""
"12395437","2026-01-09","Palm Jumeirah","Marina Residences","Marina Residences 2","","","5900000","2987","32151","1975","183.51","Apartment","2","","NULL","NULL","Y","0","0","NULL","1","Active Listings","TURN-KEY | DIRECT POOL ACCESS | ONE OF A KIND","Nakheel","",""
"12465887","2026-01-09","Palm Jumeirah","Marina Residences","Marina Residences 3","","","3125000","1582","17029","1975","183.51","Apartment","2","","","","Y","0","0","","1","Pending Sales (SPA/MOU)","","Nakheel","",""
"12391138","2026-01-08","Palm Jumeirah","Marina Residences","Marina Residences 3","","","3450000","1747","18852","1975","183","Apartment","2","","NULL","NULL","","0","0","NULL","","Active Listings","Vacant On Transfer | Furnished | Best Price","Nakheel","",""
"12389632","2026-01-07","Palm Jumeirah","Marina Residences","Marina Residences 2","","","4100000","2103","22652","1950","181","Apartment","2","","NULL","NULL","","0","0","NULL","","Active Listings","UPGRADED | SEA AND POOL VIEW | LARGE TERRACE","Nakheel","",""
"12388153","2026-01-07","Palm Jumeirah","Marina Residences","Marina Residences 4","","","3900000","2016","21691","1935","179.8","Apartment","2","Community View","NULL","NULL","Y","0","0","NULL","3","Active Listings","Double Balcony | Vacant | Best Priced 2BR","Nakheel","",""
"12386109","2026-01-07","Palm Jumeirah","Marina Residences","Marina Residences 3","","","4200000","2055","22118","2044","189.89","Apartment","2","","NULL","NULL","Y","0","0","NULL","2","Active Listings","Luxury living | VACANT | Waterfront living","Nakheel","",""
"12386738","2026-01-07","Palm Jumeirah","Marina Residences","Marina Residences 3","","","4095000","2028","21831","2019","187.58","Apartment","2","Sea View","NULL","NULL","Y","0","0","NULL","13","Active Listings","Super Rare Unit | Triple Height | Balcony","Nakheel","",""
"12385229","2026-01-07","Palm Jumeirah","Marina Residences","Marina Residences 5","","","7000000","4035","43422","1735","161.21","Apartment","2","","NULL","NULL","Y","0","0","NULL","9","Active Listings","Exclusive | Vacant Now | Sea Views","Nakheel","",""
"12385232","2026-01-07","Palm Jumeirah","Marina Residences","Marina Residences 2","","","4100000","2193","23600","1870","173.73","Apartment","2","Community,Swimming Pool,Road,Partial Marina","NULL","NULL","Y","0","0","NULL","10","Active Listings","High Floor | D Type | Sea View","Nakheel","",""
"12381988","2026-01-06","Palm Jumeirah","Marina Residences","Marina Residences 4","","","3900000","2016","21691","1935","179.8","Apartment","2","Community View","NULL","NULL","Y","0","0","NULL","3","Active Listings","Spacious Layout | Big Terrace | Well maintained","Nakheel","",""
"12383526","2026-01-06","Palm Jumeirah","Marina Residences","Marina Residences 4","","","16500000","4071","43815","4053","376.58","Apartment","3","Community,Marina,Sea","NULL","NULL","Y","0","0","NULL","13","Active Listings","High Floor |Luxury Upgrade | Atlantis View","Nakheel","",""
"12383322","2026-01-06","Palm Jumeirah","Marina Residences","Marina Residences 3","","","14990000","3698","39806","4053","376.58","Apartment","3","","NULL","NULL","Y","0","0","NULL","4","Active Listings","Stunning Sunset | Full Renovation | New Home","Nakheel","",""
"12381553","2026-01-06","Palm Jumeirah","Marina Residences","Marina Residences 2","","","26000000","2536","27292","10254","952.65","Apartment","4","","NULL","NULL","Y","0","0","NULL","14","Active Listings","Duplex | Corner Unit | Expansive Terrace","Nakheel","",""
"10841406","2026-01-03","Palm Jumeirah","Marina Residences","Marina Residences 6","","","4200000","2421","26053","1735","161.21","Apartment","2","","NULL","NULL","Y","0","0","NULL","6","Active Listings","Vacant Now | Two Bed + Maids | Water View","Nakheel","",""
"11659713","2026-01-03","Palm Jumeirah","Marina Residences","Marina Residences 1","","","18000000","1755","18895","10254","952.65","Apartment","4","Marina Skyline","NULL","NULL","Y","0","0","NULL","14","Active Listings","Great Investment | Huge Layout | Motivated Seller","Nakheel","",""
"11028450","2026-01-03","Palm Jumeirah","Marina Residences","Marina Residences 2","","","5200000","2997","32262","1735","161.18","Apartment","2","","NULL","NULL","Y","0","0","NULL","6","Active Listings","Full Sea View | Vacant Soon | High Floor","Nakheel","",""
"12359409","2026-01-03","Palm Jumeirah","Marina Residences","Marina Residences 2","","","8500000","3485","37516","2439","226.57","Apartment","3","","NULL","NULL","Y","0","0","NULL","6","Active Listings","Exclusive | Vacant | Actual Pictures | Sunset View","Nakheel","",""
"10821203","2025-12-29","Palm Jumeirah","Marina Residences","Marina Residences 4","","","4999999","2864","30830","1746","162.18","Apartment","2","","NULL","NULL","Y","0","0","NULL","7","Active Listings","UPGRADED | 2 BEDS + MAIDS | PALM LUXURY","Nakheel","",""
"12336796","2025-12-29","Palm Jumeirah","Marina Residences","Marina Residences 3","","","4800000","2767","29775","1735","161.21","Apartment","2","","NULL","NULL","Y","0","0","NULL","8","Active Listings","Spacious 2BR+M | Genuine Resale | Sea View","Nakheel","",""
"12331999","2025-12-29","Palm Jumeirah","Marina Residences","Marina Residences 3","","","4200000","2055","22118","2044","189.89","Apartment","2","","NULL","NULL","Y","0","0","NULL","2","Active Listings","FULLY UPGRADED LARGEST LAYOUT | VACANT | LUXURY BEACHFRONT APARTMENT FOR SALE","Nakheel","",""
"12333699","2025-12-26","Palm Jumeirah","Marina Residences","Marina Residences 4","","","4300000","2105","22645","2043","189.89","Apartment","2","Community,Swimming Pool,Partial Sea","","","Y","0","0","","2","Title Deed","","Nakheel","","Resale"
"12320921","2025-12-26","Palm Jumeirah","Marina Residences","Marina Residences 3","","","4200000","2055","22118","2044","189.89","Apartment","2","","NULL","NULL","Y","0","0","NULL","2","Active Listings","FULLY UPGRADED LARGEST LAYOUT | VACANT | LUXURY BEACHFRONT APARTMENT FOR SALE","Nakheel","",""
"11785130","2025-12-26","Palm Jumeirah","Marina Residences","Marina Residences 6","","","4250000","2081","22405","2042","189.69","Apartment","2","Community,Swimming Pool,Partial Marina","NULL","NULL","Y","0","0","NULL","2","Active Listings","Terrace | Sea + Garden View | C - Type","Nakheel","",""
"12331223","2025-12-26","Palm Jumeirah","Marina Residences","Marina Residences 1","","","4500000","2410","25946","1867","173.44","Apartment","2","","NULL","NULL","Y","0","0","NULL","4","Active Listings","Direct Access to Nakheel Mall|Marina View | Modern","Nakheel","",""
"12330934","2025-12-25","Palm Jumeirah","Marina Residences","Marina Residences 6","","","4300000","2221","23905","1936","179.88","Apartment","2","","NULL","NULL","Y","0","0","NULL","4","Active Listings","2 Bedroom | VOT | Atlantis and Marina View","Nakheel","",""
"12318323","2025-12-24","Palm Jumeirah","Marina Residences","Marina Residences 4","","","3080000","1593","17135","1934","179.75","Apartment","2","","","","Y","0","0","","G","Title Deed","","Nakheel","","Resale"
"12189885","2025-12-22","Palm Jumeirah","Marina Residences","Marina Residences 3","","","6500000","2664","28679","2440","226.65","Apartment","3","","NULL","NULL","Y","0","0","NULL","3","Active Listings","Mid Floor | B Type | Marina Residences 3","Nakheel","",""
"12225320","2025-12-18","Palm Jumeirah","Marina Residences","Marina Residences 2","","","32310000","2467","26557","13095","1216.61","Apartment","5","Marina","","","Y","0","0","","14","Title Deed","","Nakheel","","Resale"
"12224331","2025-12-18","Palm Jumeirah","Marina Residences","Marina Residences 3","","","5700000","3265","35146","1746","162.18","Apartment","2","","NULL","NULL","Y","0","0","NULL","9","Active Listings","PALM VIEW | HIGH FLOOR | BRAND NEW","Nakheel","",""
"12226680","2025-12-18","Palm Jumeirah","Marina Residences","Marina Residences 4","","","5500000","2256","24281","2438","226.51","Apartment","3","","NULL","NULL","Y","0","0","NULL","2","Active Listings","Great Offer | Low Floor | Maids Room","Nakheel","",""
"12227490","2025-12-18","Palm Jumeirah","Marina Residences","Marina Residences 2","","","5900000","2987","32151","1975","183.51","Apartment","2","","NULL","NULL","Y","0","0","NULL","1","Active Listings","Brand New Upgrade | Furnished | Direct Pool Access","Nakheel","",""
"12226265","2025-12-18","Palm Jumeirah","Marina Residences","Marina Residences 4","","","3900000","2016","21691","1935","179.8","Apartment","2","Community View","NULL","NULL","Y","0","0","NULL","3","Active Listings","Spacious Layout | Big Terrace | Well maintained","Nakheel","",""
"12220766","2025-12-17","Palm Jumeirah","Marina Residences","Marina Residences 3","","","3450000","1747","18800","1975","183.51","Apartment","2","","NULL","NULL","Y","0","0","NULL","1","Active Listings","AVAILABLE | Type D (2beds) | Marina Residence 3","Nakheel","",""
"12220008","2025-12-17","Palm Jumeirah","Marina Residences","Marina Residences 1","","","7200000","2617","28170","2751","255.59","Apartment","3","","NULL","NULL","Y","0","0","NULL","LG","Active Listings","Sunset View | Private Garage | Large Terrace","Nakheel","",""
"10903411","2025-12-17","Palm Jumeirah","Marina Residences","Marina Residences 5","","","8950000","2240","24107","3996","371.26","Apartment","2","Marina View","NULL","NULL","Y","0","0","NULL","LG","Active Listings","Waterfront View I Furnished I Luxurious Living","Nakheel","",""
"12220093","2025-12-17","Palm Jumeirah","Marina Residences","Marina Residences 5","","","4750000","2738","29465","1735","161.21","Apartment","2","","NULL","NULL","Y","0","0","NULL","5","Active Listings","Marina Residences 5 |Type C | Sea and Marina Views","Nakheel","",""
"12223180","2025-12-17","Palm Jumeirah","Marina Residences","Marina Residences 3","","","5420000","3104","33420","1746","162.18","Apartment","2","","NULL","NULL","Y","0","0","NULL","9","Active Listings","Panoramic Sea Atlantis View | Upgraded | Vacant","Nakheel","",""
"11766294","2025-12-16","Palm Jumeirah","Marina Residences","Marina Residences 1","","","7200000","2617","28170","2751","255.59","Apartment","3","","NULL","NULL","Y","0","0","NULL","LG","Active Listings","Sunset View | Private Garage | Large Terrace","Nakheel","",""
"12194736","2025-12-16","Palm Jumeirah","Marina Residences","Marina Residences 5","","","8950000","2240","24107","3996","371.26","Apartment","2","Marina View","NULL","NULL","Y","0","0","NULL","LG","Active Listings","Royal Atlantis view | Bespoke | 2 bed+study+maid","Nakheel","",""
"12213226","2025-12-16","Palm Jumeirah","Marina Residences","Marina Residences 6","","","12999999","3208","34521","4053","376.58","Apartment","3","","NULL","NULL","Y","0","0","NULL","10","Active Listings","Full Sea View | High Floor | Vacant","Nakheel","",""
"12215548","2025-12-16","Palm Jumeirah","Marina Residences","Marina Residences 4","","","9500000","3895","41930","2439","226.57","Apartment","3","","NULL","NULL","Y","0","0","NULL","6","Active Listings","Brand New Renovation | Sea And Burj Views | Vacant","Nakheel","",""
"12214783","2025-12-16","Palm Jumeirah","Marina Residences","Marina Residences 3","","","4100000","2006","21591","2044","189.89","Apartment","2","","NULL","NULL","Y","0","0","NULL","2","Active Listings","Luxury living | VACANT | Waterfront living","Nakheel","",""
"12198020","2025-12-15","Palm Jumeirah","Marina Residences","Marina Residences 6","","","5750000","2970","31966","1936","179.88","Apartment","2","","NULL","NULL","Y","0","0","NULL","4","Active Listings","Best Offer | 2BR | Fully Renovated | Smart Home","Nakheel","",""
"12203950","2025-12-15","Palm Jumeirah","Marina Residences","Marina Residences 4","","","6700000","2655","28568","2524","234.53","Apartment","3","","","","Y","0","0","","12","Title Deed","","Nakheel","","Resale"
"11777532","2025-12-15","Palm Jumeirah","Marina Residences","Marina Residences 3","","","4095000","2028","21831","2019","187.58","Apartment","2","Sea View","NULL","NULL","Y","0","0","NULL","13","Active Listings","Super Rare Unit - Triple Height Balcony","Nakheel","",""
"12195853","2025-12-13","Palm Jumeirah","Marina Residences","Marina Residences 6","","","10000000","2472","26608","4045","375.82","Apartment","2","Marina","NULL","NULL","Y","0","0","NULL","LG","Active Listings","Renovated | Vacant Now | 4,045 Sq.ft.","Nakheel","",""
"12184074","2025-12-12","Palm Jumeirah","Marina Residences","Marina Residences 4","","","4100000","2306","24820","1778","165.19","Apartment","2","","NULL","NULL","Y","0","0","NULL","11","Active Listings","Exclusive | Mid Floor | Sea View","Nakheel","",""
"12195628","2025-12-12","Palm Jumeirah","Marina Residences","Marina Residences 6","","","4985000","2804","30179","1778","165.18","Apartment","2","","NULL","NULL","Y","0","0","NULL","13","Active Listings","Type C | 2+Maid | Sea and Marina View","Nakheel","",""
"12194727","2025-12-12","Palm Jumeirah","Marina Residences","Marina Residences 2","","","4100000","2193","23600","1870","173.73","Apartment","2","Community,Swimming Pool,Road,Partial Marina","NULL","NULL","Y","0","0","NULL","10","Active Listings","High Floor | D Type | Sea View","Nakheel","",""
"12193511","2025-12-12","Palm Jumeirah","Marina Residences","Marina Residences 5","","","7000000","4035","43422","1735","161.21","Apartment","2","","NULL","NULL","Y","0","0","NULL","9","Active Listings","Exclusive | Vacant Now | Sea Views","Nakheel","",""
"12191239","2025-12-11","Palm Jumeirah","Marina Residences","Marina Residences 6","","","4180000","2048","22036","2041","189.69","Apartment","2","Community,Swimming Pool,Partial Marina","","","Y","0","0","","2","Title Deed","","Nakheel","","Resale"
"10953607","2025-12-11","Palm Jumeirah","Marina Residences","Marina Residences 5","","","8950000","2240","24107","3996","371.26","Apartment","2","Marina View","NULL","NULL","Y","0","0","NULL","LG","Active Listings","Royal Atlantis view | Bespoke | 2 bed+study+maid","Nakheel","",""
"12190870","2025-12-11","Palm Jumeirah","Marina Residences","Marina Residences 6","","","12750000","3146","33857","4053","376.58","Apartment","3","","","","Y","0","0","","10","Title Deed","","Nakheel","","Resale"
"12183105","2025-12-10","Palm Jumeirah","Marina Residences","Marina Residences 6","","","6100000","3516","37846","1735","161.18","Apartment","2","","NULL","NULL","Y","0","0","NULL","5","Active Listings","Sea View | Mid Floor | 2 Bedroom Unit","Nakheel","",""
"12183113","2025-12-10","Palm Jumeirah","Marina Residences","Marina Residences 4","","","10500000","4305","46343","2439","226.57","Apartment","3","","NULL","NULL","Y","0","0","NULL","5","Active Listings","Exclusive | Sea View | Upgraded","Nakheel","",""
"12181613","2025-12-10","Palm Jumeirah","Marina Residences","Marina Residences 3","","","5500000","2256","24280","2438","226.52","Apartment","3","","NULL","NULL","Y","0","0","NULL","2","Active Listings","Multiple Options|3 BR|Vacant on Transfer","Nakheel","",""
"12190580","2025-12-10","Palm Jumeirah","Marina Residences","Marina Residences 2","","","4450000","2566","27609","1734","161.18","Apartment","2","","","","Y","0","0","","6","Title Deed","","Nakheel","","Resale"
"11787642","2025-12-10","Palm Jumeirah","Marina Residences","Marina Residences 3","","","6500000","2664","28679","2440","226.65","Apartment","3","","NULL","NULL","Y","0","0","NULL","3","Active Listings","Mid Floor | B Type | Marina Residences 3","Nakheel","",""
"12180707","2025-12-10","Palm Jumeirah","Marina Residences","Marina Residences 1","","","13000000","3208","34521","4053","376.58","Apartment","3","","NULL","NULL","Y","0","0","NULL","6","Active Listings","FULL SEA/SUNSET VIEW | VACANT | PARTIALLY UPGRADED","Nakheel","",""
"12177068","2025-12-09","Palm Jumeirah","Marina Residences","Marina Residences 3","","","5500000","2256","24280","2438","226.52","Apartment","3","","NULL","NULL","Y","0","0","NULL","2","Active Listings","B Type Unit | Low Floor | Great Price","Nakheel","",""
"12204064","2025-12-08","Palm Jumeirah","Marina Residences","Marina Residences 3","","","4700000","2643","28454","1778","165.18","Apartment","2","Community,Swimming Pool,Restricted Marina,Road","","","Y","0","0","","12th","Pending Sales (SPA/MOU)","","Nakheel","",""
"12170858","2025-12-07","Palm Jumeirah","Marina Residences","Marina Residences 3","","","4100000","2006","21591","2044","189.89","Apartment","2","","NULL","NULL","Y","0","0","NULL","2","Active Listings","Luxury living | VACANT | Waterfront living","Nakheel","",""
"10827394","2025-12-07","Palm Jumeirah","Marina Residences","Marina Residences 6","","","4350000","2447","26335","1778","165.18","Apartment","2","","NULL","NULL","Y","0","0","NULL","13","Active Listings","Type C | 2+Maid | Sea and Marina View","Nakheel","",""
"12161359","2025-12-05","Palm Jumeirah","Marina Residences","Marina Residences 3","","","5499000","2256","24276","2438","226.52","Apartment","3","","NULL","NULL","Y","0","0","NULL","2","Active Listings","Waterfront Living / Best Layout / Vacant Unit","Nakheel","",""
"12160343","2025-12-05","Palm Jumeirah","Marina Residences","Marina Residences 6","","","4100000","2005","21580","2045","189.99","Apartment","2","","NULL","NULL","Y","0","0","NULL","1","Active Listings","Multiple Options/Water View/Vacant","Nakheel","",""
"12160507","2025-12-05","Palm Jumeirah","Marina Residences","Marina Residences 2","","","8500000","3485","37516","2439","226.57","Apartment","3","","NULL","NULL","Y","0","0","NULL","6","Active Listings","Exclusive | Vacant | Actual Pictures | Sunset View","Nakheel","",""
"10818128","2025-12-04","Palm Jumeirah","Marina Residences","Marina Residences 4","","","3900000","1912","20572","2040","189.58","Apartment","2","Community View","NULL","NULL","Y","0","0","NULL","3","Active Listings","C Type - Vacant - Call Now For Viewing","Nakheel","",""
"12159890","2025-12-04","Palm Jumeirah","Marina Residences","Marina Residences 3","","","3700000","2134","22956","1734","161.18","Apartment","2","","","","Y","0","0","","7","Title Deed","","Nakheel","","Resale"
"12159925","2025-12-04","Palm Jumeirah","Marina Residences","Marina Residences 5","","","8250000","3016","32460","2735","254.16","Apartment","3","","","","Y","0","0","","1","Title Deed","","Nakheel","","Resale"
"12155318","2025-12-04","Palm Jumeirah","Marina Residences","Marina Residences 5","","","4500000","2594","27914","1735","161.21","Apartment","2","","NULL","NULL","Y","0","0","NULL","5","Active Listings","Palm Jumeirah | Spacious | Huge Balcony","Nakheel","",""
"10672327","2025-12-04","Palm Jumeirah","Marina Residences","Marina Residences 2","","","8950000","2213","23815","4045","375.82","Apartment","2","","NULL","NULL","Y","0","0","NULL","LG","Active Listings","Sea View | Fully Upgraded | Vacant on Transfer","Nakheel","",""
"11914994","2025-12-04","Palm Jumeirah","Marina Residences","Marina Residences 3","","","5800000","2379","25605","2438","226.52","Apartment","3","","NULL","NULL","Y","0","0","NULL","2","Active Listings","B Type Unit | Low Floor | Great Price","Nakheel","",""
"12154115","2025-12-03","Palm Jumeirah","Marina Residences","Marina Residences 5","","","4650000","2279","24528","2040","189.58","Apartment","2","","","","Y","0","0","","3","Title Deed","","Nakheel","","Resale"
"11694874","2025-12-03","Palm Jumeirah","Marina Residences","Marina Residences 5","","","6500000","2664","28677","2440","226.66","Apartment","3","","NULL","NULL","Y","0","0","NULL","4","Active Listings","Exclusive | Royal Atlantis View | Huge Balcony","Nakheel","",""
"11048614","2025-12-03","Palm Jumeirah","Marina Residences","Marina Residences 3","","","6200000","2543","27371","2438","226.52","Apartment","3","","NULL","NULL","Y","0","0","NULL","2","Active Listings","Resort-Style Living | 3 BR | Pool &ĀMarinaĀAccess","Nakheel","",""
"12137783","2025-12-02","Palm Jumeirah","Marina Residences","Marina Residences 1","","","4450000","2380","25614","1870","173.73","Apartment","2","","NULL","NULL","Y","0","0","NULL","7","Active Listings","Marina Residences | 2 Bed | Sea View | Vacant","Nakheel","",""
"12151099","2025-12-02","Palm Jumeirah","Marina Residences","Marina Residences 6","","","4100000","2363","25433","1735","161.21","Apartment","2","","NULL","NULL","Y","0","0","NULL","6","Active Listings","Vacant | Stunning Sea and Pool View | C Type","Nakheel","",""
"12151667","2025-12-02","Palm Jumeirah","Marina Residences","Marina Residences 3","","","14990000","3698","39806","4053","376.58","Apartment","3","","NULL","NULL","Y","0","0","NULL","4","Active Listings","Stunning Sunset | Full Renovation | New Home","Nakheel","",""
"12150354","2025-12-01","Palm Jumeirah","Marina Residences","Marina Residences 2","","","4100000","2103","22629","1950","181.18","Apartment","2","","NULL","NULL","Y","0","0","NULL","3","Active Listings","UPGRADED | SEA & POOL VIEW | LARGE TERRACE","Nakheel","",""
"11014854","2025-12-01","Palm Jumeirah","Marina Residences","Marina Residences 6","","","4100000","2005","21580","2045","189.99","Apartment","2","","NULL","NULL","Y","0","0","NULL","1","Active Listings","Water View/ 2 Plus Maid / C Type","Nakheel","",""
"12149730","2025-12-01","Palm Jumeirah","Marina Residences","Marina Residences 4","","","4450000","2309","24851","1927","179.07","Apartment","2","","NULL","NULL","Y","0","0","NULL","4","Active Listings","Unit Occupied | Only for Buyers | Spacious Layout","Nakheel","",""
"12147460","2025-11-30","Palm Jumeirah","Marina Residences","Marina Residences 3","","","12060000","4778","51422","2524","234.53","Apartment","3","","NULL","NULL","Y","0","0","NULL","11","Active Listings","Vacant | Sunset View | Highest Floor | Upgraded","Nakheel","",""
"11029041","2025-11-30","Palm Jumeirah","Marina Residences","Marina Residences 3","","","3450000","1747","18800","1975","183.51","Apartment","2","","NULL","NULL","Y","0","0","NULL","1","Active Listings","Vacant Jan 26 | Pool level | D Type","Nakheel","",""
"12146232","2025-11-30","Palm Jumeirah","Marina Residences","Marina Residences 4","","","9500000","3895","41930","2439","226.57","Apartment","3","","NULL","NULL","Y","0","0","NULL","6","Active Listings","Renovated | Sea View | Vacant on Transfer","Nakheel","",""
"12143626","2025-11-29","Palm Jumeirah","Marina Residences","Marina Residences 4","","","9500000","3895","41930","2439","226.57","Apartment","3","","NULL","NULL","Y","0","0","NULL","6","Active Listings","Brand New Renovation | Sea And Burj Views | Vacant","Nakheel","",""
"9877791","2025-11-28","Palm Jumeirah","Marina Residences","Marina Residences 6","","","3600000","1764","18978","2041","189.69","Apartment","2","Community,Swimming Pool,Partial Marina","NULL","NULL","Y","0","0","NULL","2","Active Listings","TRIPLE TERRACE | 2042 SQFT | MARINA VIEW","Nakheel","",""
"12141532","2025-11-28","Palm Jumeirah","Marina Residences","Marina Residences 1","","","11375000","2807","30206","4053","376.58","Apartment","3","","","","Y","0","0","","4","Title Deed","","Nakheel","","Resale"
"11913789","2025-11-27","Palm Jumeirah","Marina Residences","Marina Residences 2","","","26000000","2536","27292","10254","952.65","Apartment","4","","NULL","NULL","Y","0","0","NULL","14","Active Listings","Duplex | Corner Unit | Expansive Terrace","Nakheel","",""
"10147461","2025-11-27","Palm Jumeirah","Marina Residences","Marina Residences 4","","","5500000","2256","24281","2438","226.51","Apartment","3","","NULL","NULL","Y","0","0","NULL","2","Active Listings","Vacant | Community View | Sunset Facing","Nakheel","",""
"12136395","2025-11-27","Palm Jumeirah","Marina Residences","Marina Residences 2","","","6700000","2748","29571","2438","226.57","Apartment","3","","","","Y","0","0","","5","Title Deed","","Nakheel","","Resale"
"12133336","2025-11-27","Palm Jumeirah","Marina Residences","Marina Residences 5","","","11750000","2899","31203","4053","376.57","Apartment","3","","NULL","NULL","Y","0","0","NULL","3","Active Listings","Vacant | Atlantis View | Renovation Option","Nakheel","",""
"11715649","2025-11-26","Palm Jumeirah","Marina Residences","Marina Residences 2","","","8950000","2213","23815","4045","375.82","Apartment","2","","NULL","NULL","Y","0","0","NULL","LG","Active Listings","Rare Palm Townhouse | Stunning Sunset Views","Nakheel","",""
"12125367","2025-11-26","Palm Jumeirah","Marina Residences","Marina Residences 4","","","6950000","2526","27192","2751","255.59","Apartment","3","","NULL","NULL","Y","0","0","NULL","LG","Active Listings","Exclusive | Huge Terrace | Vacant March","Nakheel","",""
"12122207","2025-11-25","Palm Jumeirah","Marina Residences","Marina Residences 3","","","4100000","2006","21591","2044","189.89","Apartment","2","","NULL","NULL","Y","0","0","NULL","2","Active Listings","Luxury living | VACANT | Waterfront living","Nakheel","",""
"11665012","2025-11-25","Palm Jumeirah","Marina Residences","Marina Residences 6","","","4100000","2363","25433","1735","161.21","Apartment","2","","NULL","NULL","Y","0","0","NULL","6","Active Listings","Investor Deal | Vacant | Partial Sea View","Nakheel","",""
"11644993","2025-11-24","Palm Jumeirah","Marina Residences","Marina Residences 3","","","4000000","2139","23024","1870","173.73","Apartment","2","","NULL","NULL","Y","0","0","NULL","6","Active Listings","Palm/Pool View | Direct Access to Nakheel Mall | Huge Terrace | Kitchen Appliances","Nakheel","",""
"10993255","2025-11-24","Palm Jumeirah","Marina Residences","Marina Residences 4","","","3150000","1629","17524","1934","179.75","Apartment","2","","NULL","NULL","Y","0","0","NULL","G","Active Listings","Exclusive | Best Price | Spacious Layout","Nakheel","",""
"12116916","2025-11-24","Palm Jumeirah","Marina Residences","Marina Residences 2","","","26000000","2536","27292","10254","952.65","Apartment","4","","NULL","NULL","Y","0","0","NULL","14","Active Listings","Duplex Unique Penthouse | Upgraded | Vacant","Nakheel","",""
"12110913","2025-11-22","Palm Jumeirah","Marina Residences","Marina Residences 6","","","12999999","3208","34521","4053","376.58","Apartment","3","","NULL","NULL","Y","0","0","NULL","10","Active Listings","Full Sea View | High Floor | Vacant","Nakheel","",""
"12110587","2025-11-22","Palm Jumeirah","Marina Residences","Marina Residences 1","","","7200000","2617","28170","2751","255.59","Apartment","3","","NULL","NULL","Y","0","0","NULL","LG","Active Listings","Marina Level | Rare Private Garage | Huge","Nakheel","",""
"12109055","2025-11-22","Palm Jumeirah","Marina Residences","Marina Residences 2","","","5900000","2987","32151","1975","183.51","Apartment","2","","NULL","NULL","Y","0","0","NULL","1","Active Listings","Completion in Nov | Pool Level | High End Finishes","Nakheel","",""
"12100675","2025-11-20","Palm Jumeirah","Marina Residences","Marina Residences 4","","","4200000","2362","25425","1778","165.19","Apartment","2","","NULL","NULL","Y","0","0","NULL","11","Active Listings","Exclusive | Mid Floor | Sea View","Nakheel","",""
"12102643","2025-11-20","Palm Jumeirah","Marina Residences","Marina Residences 3","","","4100000","2031","21857","2019","187.58","Apartment","2","Sea View","NULL","NULL","Y","0","0","NULL","13","Active Listings","Sea Views | High Floor Unit | Tenanted","Nakheel","",""
"11669020","2025-11-19","Palm Jumeirah","Marina Residences","Marina Residences 4","","","4150000","2029","21843","2045","189.99","Apartment","2","","NULL","NULL","Y","0","0","NULL","1","Active Listings","Exclusive | Spacious Type C | Extended Terrace","Nakheel","",""
"11948289","2025-11-18","Palm Jumeirah","Marina Residences","Marina Residences 6","","","8000000","3165","34063","2528","234.86","Apartment","1","","","","N","0","0","","9","Title Deed","","Nakheel","","Resale"
"12077570","2025-11-18","Palm Jumeirah","Marina Residences","Marina Residences 2","","","4100000","2103","22629","1950","181.18","Apartment","2","","NULL","NULL","Y","0","0","NULL","3","Active Listings","Vacant on Transfer | 1,950 Sqft |Sea View","Nakheel","",""
"11949082","2025-11-18","Palm Jumeirah","Marina Residences","Marina Residences 3","","","3500000","1711","18422","2045","189.99","Apartment","2","Community","","","Y","0","0","","1","Title Deed","","Nakheel","","Resale"
"12069938","2025-11-18","Palm Jumeirah","Marina Residences","Marina Residences 6","","","6100000","3516","37846","1735","161.18","Apartment","2","","NULL","NULL","Y","0","0","NULL","5","Active Listings","Sea View | Mid Floor | 2 Bedroom Unit","Nakheel","",""
"12091700","2025-11-18","Palm Jumeirah","Marina Residences","Marina Residences 3","","","4100000","2006","21591","2044","189.89","Apartment","2","","NULL","NULL","Y","0","0","NULL","2","Active Listings","Luxury living | VACANT | Waterfront living","Nakheel","",""
"11948114","2025-11-18","Palm Jumeirah","Marina Residences","Marina Residences 4","","","7000000","1712","18423","4089","379.95","Apartment","2","","","","Y","0","0","","LG","Title Deed","","Nakheel","","Resale"
"12073099","2025-11-18","Palm Jumeirah","Marina Residences","Marina Residences 4","","","3900000","2016","21691","1935","179.8","Apartment","2","Community View","NULL","NULL","Y","0","0","NULL","3","Active Listings","Spacious Layout | Big Terrace | Well maintained","Nakheel","",""
"11875984","2025-11-18","Palm Jumeirah","Marina Residences","Marina Residences 1","","","14000000","3454","37177","4053","376.58","Apartment","3","","NULL","NULL","Y","0","0","NULL","10","Active Listings","VACANT | LARGEST LAYOUT | FULL SEA VIEW","Nakheel","",""
"12078025","2025-11-18","Palm Jumeirah","Marina Residences","Marina Residences 1","","","4500000","2410","25946","1867","173.44","Apartment","2","","NULL","NULL","Y","0","0","NULL","4","Active Listings","EXTENDED TERRACE | MAIDS ROOM | SEA VIEWS","Nakheel","",""
"12080856","2025-11-18","Palm Jumeirah","Marina Residences","Marina Residences 3","","","4100000","2006","21591","2044","189.89","Apartment","2","","NULL","NULL","Y","0","0","NULL","2","Active Listings","Luxury living | VACANT | Waterfront living","Nakheel","",""
"12087770","2025-11-18","Palm Jumeirah","Marina Residences","Marina Residences 3","","","4100000","2006","21591","2044","189.89","Apartment","2","","NULL","NULL","Y","0","0","NULL","2","Active Listings","Prime location | VACANT | Waterfront living","Nakheel","",""
"12069982","2025-11-15","Palm Jumeirah","Marina Residences","Marina Residences 1","","","12300000","3035","32662","4053","376.58","Apartment","3","","NULL","NULL","Y","0","0","NULL","4","Active Listings","TypeA | Reno Opportunity | Lowest Priced","Nakheel","",""
"11945258","2025-11-14","Palm Jumeirah","Marina Residences","Marina Residences 2","","","7100000","2912","31337","2438","226.57","Apartment","3","","","","Y","0","0","","6","Title Deed","","Nakheel","","Resale"
"11946344","2025-11-14","Palm Jumeirah","Marina Residences","Marina Residences 5","","","3956375","2116","22773","1870","173.73","Apartment","2","Community, Construction, Marina","","","Y","0","0","","9","Title Deed","","Nakheel","","Resale"
"11799086","2025-11-12","Palm Jumeirah","Marina Residences","Marina Residences 4","","","7850000","1919","20661","4090","379.95","Apartment","2","","NULL","NULL","Y","0","0","NULL","LG","Active Listings","Elegant TH | Royal Atlantis View | Best Price","Nakheel","",""
"11535507","2025-11-12","Palm Jumeirah","Marina Residences","Marina Residences 2","","","4100000","2103","22629","1950","181.18","Apartment","2","","NULL","NULL","Y","0","0","NULL","3","Active Listings","Vacant on Transfer | 1,950 Sqft |Sea View","Nakheel","",""
"11943081","2025-11-12","Palm Jumeirah","Marina Residences","Marina Residences 1","","","3200000","1801","19373","1777","165.18","Apartment","2","","","","Y","0","0","","13","Title Deed","","Nakheel","","Resale"
"11942110","2025-11-11","Palm Jumeirah","Marina Residences","Marina Residences 2","","","4000000","1960","21087","2041","189.69","Apartment","2","","","","Y","0","0","","2","Title Deed","","Nakheel","","Resale"
"11940958","2025-11-10","Palm Jumeirah","Marina Residences","Marina Residences 3","","","7300000","2994","32220","2438","226.57","Apartment","3","Sea","","","Y","0","0","","6","Title Deed","","Nakheel","","Resale"
"11529763","2025-11-09","Palm Jumeirah","Marina Residences","Marina Residences 6","","","13000000","3208","34521","4053","376.58","Apartment","3","","NULL","NULL","Y","0","0","NULL","10","Active Listings","Full Sea View | High Floor | Vacant","Nakheel","",""
"10891142","2025-11-09","Palm Jumeirah","Marina Residences","Marina Residences 1","","","4500000","2410","25946","1867","173.44","Apartment","2","","NULL","NULL","Y","0","0","NULL","4","Active Listings","Marina View I C Type I Upgraded","Nakheel","",""
"10871227","2025-11-09","Palm Jumeirah","Marina Residences","Marina Residences 6","","","4300000","2221","23905","1936","179.88","Apartment","2","","NULL","NULL","Y","0","0","NULL","4","Active Listings","Fully Furnished | Atlantis View | Spacious","Nakheel","",""
"10372319","2025-11-09","Palm Jumeirah","Marina Residences","Marina Residences 6","","","12999900","3207","34521","4053","376.58","Apartment","3","","NULL","NULL","Y","0","0","NULL","10","Active Listings","Full Palm View | Fully Upgraded | High Floor","Nakheel","",""
"11935614","2025-11-08","Palm Jumeirah","Marina Residences","Marina Residences 6","","","12999999","3208","34521","4053","376.58","Apartment","3","","NULL","NULL","Y","0","0","NULL","10","Active Listings","Full Sea View | High Floor | Vacant","Nakheel","",""
"11928592","2025-11-07","Palm Jumeirah","Marina Residences","Marina Residences 5","","","6150000","2236","24062","2751","255.59","Apartment","3","","","","Y","0","0","","LG","Title Deed","","Nakheel","","Resale"
"11931513","2025-11-07","Palm Jumeirah","Marina Residences","Marina Residences 3","","","4200000","2080","22390","2019","187.58","Apartment","2","Sea View","NULL","NULL","Y","0","0","NULL","13","Active Listings","Sea Views | High Floor Unit | Tenanted","Nakheel","",""
"11930270","2025-11-07","Palm Jumeirah","Marina Residences","Marina Residences 4","","","3900000","2016","21691","1935","179.8","Apartment","2","Community View","NULL","NULL","Y","0","0","NULL","3","Active Listings","Spacious Layout | Big Terrace | Well maintained","Nakheel","",""
"11928495","2025-11-07","Palm Jumeirah","Marina Residences","Marina Residences 1","","","3850000","1883","20257","2045","190.06","Apartment","2","","","","Y","0","0","","1","Title Deed","","Nakheel","","Resale"
"11928752","2025-11-07","Palm Jumeirah","Marina Residences","Marina Residences 5","","","4000000","2066","22237","1936","179.88","Apartment","2","","","","Y","0","0","","4","Title Deed","","Nakheel","","Resale"
"11945159","2025-11-07","Palm Jumeirah","Marina Residences","Marina Residences 4","","","4300000","2105","22645","2043","189.89","Apartment","2","Community,Swimming Pool,Partial Sea","","","Y","0","0","","2","Pending Sales (SPA/MOU)","","Nakheel","",""
"11931621","2025-11-07","Palm Jumeirah","Marina Residences","Marina Residences 1","","","15000000","3701","39832","4053","376.58","Apartment","3","","NULL","NULL","Y","0","0","NULL","10","Active Listings","Fully Upgraded | Vacant On Transfer | High Floor","Nakheel","",""
"11932911","2025-11-07","Palm Jumeirah","Marina Residences","Marina Residences 6","","","4100000","2363","25433","1735","161.21","Apartment","2","","NULL","NULL","Y","0","0","NULL","6","Active Listings","2BR+MAID | SEA VIEW | MID FLOOR","Nakheel","",""
"11930612","2025-11-07","Palm Jumeirah","Marina Residences","Marina Residences 1","","","8495000","2073","22316","4097","380.67","Apartment","2","Water","NULL","NULL","Y","0","0","NULL","LG","Active Listings","Exclusive | Vacant | West-Facing Townhouse","Nakheel","",""
"11924520","2025-11-06","Palm Jumeirah","Marina Residences","Marina Residences 3","","","4100000","2006","21591","2044","189.89","Apartment","2","","NULL","NULL","Y","0","0","NULL","2","Active Listings","Luxury living | VACANT | Waterfront living","Nakheel","",""
"11923504","2025-11-06","Palm Jumeirah","Marina Residences","Marina Residences 3","","","6199000","2543","27366","2438","226.52","Apartment","3","","NULL","NULL","Y","0","0","NULL","2","Active Listings","VACANT | Waterfront Living | Direct Access to Nakheel Mall","Nakheel","",""
"11924153","2025-11-06","Palm Jumeirah","Marina Residences","Marina Residences 3","","","6199000","2543","27366","2438","226.52","Apartment","3","","NULL","NULL","Y","0","0","NULL","2","Active Listings","VACANT | Waterfront Living | Direct Access to Nakheel Mall","Nakheel","",""
"11925949","2025-11-06","Palm Jumeirah","Marina Residences","Marina Residences 3","","","14990000","3698","39806","4053","376.58","Apartment","3","","NULL","NULL","Y","0","0","NULL","4","Active Listings","Beautiful Upgrades | Open Plan | Sunset views","Nakheel","",""
"11896325","2025-11-05","Palm Jumeirah","Marina Residences","Marina Residences 2","","","4100000","2103","22629","1950","181.18","Apartment","2","","NULL","NULL","Y","0","0","NULL","3","Active Listings","Sea and Atlantis Views | Upgraded | Vacant","Nakheel","",""
"11662867","2025-11-05","Palm Jumeirah","Marina Residences","Marina Residences 5","","","5000000","2678","28828","1867","173.44","Apartment","2","","NULL","NULL","Y","0","0","NULL","4","Active Listings","EXCLUSIVE | FULL SEA VIEW | NO AGENTS","Nakheel","",""
"11918375","2025-11-05","Palm Jumeirah","Marina Residences","Marina Residences 1","","","3750000","2110","22703","1777","165.18","Apartment","2","","NULL","NULL","Y","0","0","NULL","13","Active Listings","SUNSET | Sea View | 2 Bedroom | Rented","Nakheel","",""
"11711814","2025-11-05","Palm Jumeirah","Marina Residences","Marina Residences 4","","","3900000","2016","21691","1935","179.8","Apartment","2","Community View","NULL","NULL","Y","0","0","NULL","3","Active Listings","Spacious Layout | Big Terrace | Well maintained","Nakheel","",""
"11684489","2025-11-05","Palm Jumeirah","Marina Residences","Marina Residences 2","","","13300000","3282","35318","4053","376.58","Apartment","3","","NULL","NULL","Y","0","0","NULL","6","Active Listings","Dubai Ain, Atlantis View | Spacious Family Layout","Nakheel","",""
"11914915","2025-11-05","Palm Jumeirah","Marina Residences","Marina Residences 3","","","3450000","1747","18800","1975","183.51","Apartment","2","","NULL","NULL","Y","0","0","NULL","1","Active Listings","AVAILABLE | Type D (2beds) | Marina Residence 3","Nakheel","",""
"11919304","2025-11-05","Palm Jumeirah","Marina Residences","Marina Residences 4","","","8250000","3383","36413","2439","226.57","Apartment","3","","NULL","NULL","Y","0","0","NULL","7","Active Listings","Marina and Sea Views | Upgraded | VOT","Nakheel","",""
"11919570","2025-11-05","Palm Jumeirah","Marina Residences","Marina Residences 2","","","8500000","3485","37516","2439","226.57","Apartment","3","","NULL","NULL","Y","0","0","NULL","6","Active Listings","Exclusive | Vacant | Actual Pictures | Sunset View","Nakheel","",""
"11911123","2025-11-05","Palm Jumeirah","Marina Residences","Marina Residences 2","","","4900000","2402","25847","2040","189.58","Apartment","2","","","","Y","0","0","","3","Title Deed","","Nakheel","","Resale"
"11920339","2025-11-05","Palm Jumeirah","Marina Residences","Marina Residences 3","","","4100000","2006","21591","2044","189.89","Apartment","2","","NULL","NULL","Y","0","0","NULL","2","Active Listings","Luxury living | VACANT | Waterfront living","Nakheel","",""
"11707640","2025-11-05","Palm Jumeirah","Marina Residences","Marina Residences 3","","","4200000","2080","22390","2019","187.58","Apartment","2","Sea View","NULL","NULL","Y","0","0","NULL","13","Active Listings","Sea Views | High Floor Unit | Tenanted","Nakheel","",""
"11663357","2025-11-05","Palm Jumeirah","Marina Residences","Marina Residences 6","","","13000000","3208","34521","4053","376.58","Apartment","3","","NULL","NULL","Y","0","0","NULL","10","Active Listings","HUGE A TYPE | FULL SEA VIEW  | FULLY UPGRADED","Nakheel","",""
"11696903","2025-11-04","Palm Jumeirah","Marina Residences","Marina Residences 6","","","4100000","2363","25433","1735","161.21","Apartment","2","","NULL","NULL","Y","0","0","NULL","6","Active Listings","Vacant | Stunning Sea and Pool View | C Type","Nakheel","",""
"11707658","2025-11-04","Palm Jumeirah","Marina Residences","Marina Residences 1","","","15000000","3701","39832","4053","376.58","Apartment","3","","NULL","NULL","Y","0","0","NULL","10","Active Listings","Fully Upgraded | Vacant On Transfer | High Floor","Nakheel","",""
"11833878","2025-11-04","Palm Jumeirah","Marina Residences","Marina Residences 6","","","4650000","2680","28844","1735","161.21","Apartment","2","","NULL","NULL","Y","0","0","NULL","5","Active Listings","Fully Upgraded | Vacant On Transfer | C-Type","Nakheel","",""
"11835426","2025-11-04","Palm Jumeirah","Marina Residences","Marina Residences 3","","","14990000","3698","39806","4053","376.58","Apartment","3","","NULL","NULL","Y","0","0","NULL","4","Active Listings","Beautiful Upgrades | Open Plan | Sunset views","Nakheel","",""
"11901490","2025-11-04","Palm Jumeirah","Marina Residences","Marina Residences 4","","","4450000","2309","24851","1927","179.07","Apartment","2","","NULL","NULL","Y","0","0","NULL","4","Active Listings","Unit Occupied | Only for Buyers | Spacious Layout","Nakheel","",""
"11879232","2025-11-04","Palm Jumeirah","Marina Residences","Marina Residences 4","","","10500000","4305","46343","2439","226.57","Apartment","3","","NULL","NULL","Y","0","0","NULL","5","Active Listings","Exclusive | Sea View | Upgraded","Nakheel","",""
"11017825","2025-11-04","Palm Jumeirah","Marina Residences","Marina Residences 3","","","7425000","3046","32854","2438","226","Apartment","3","","NULL","NULL","Y","0","0","NULL","","Active Listings","High Floor | Vacant | Spacious","Nakheel","",""
"11775842","2025-11-04","Palm Jumeirah","Marina Residences","Marina Residences 1","","","12300000","3035","32662","4053","376.58","Apartment","3","","NULL","NULL","Y","0","0","NULL","4","Active Listings","SUNSET VIEWS | RENO OPPORTUNITY | BEST PPRICE","Nakheel","",""
"11900012","2025-11-04","Palm Jumeirah","Marina Residences","Marina Residences 2","","","5200000","2925","31481","1778","165.18","Apartment","2","","NULL","NULL","Y","0","0","NULL","12","Active Listings","Vacant | Sunset View | High Floor","Nakheel","",""
"11775600","2025-11-04","Palm Jumeirah","Marina Residences","Marina Residences 1","","","12300000","3035","32662","4053","376.58","Apartment","3","","NULL","NULL","Y","0","0","NULL","4","Active Listings","Renovation opportunity | Cheapest A type | VOT","Nakheel","",""
"11758976","2025-11-04","Palm Jumeirah","Marina Residences","Marina Residences 6","","","4200000","2421","26053","1735","161.21","Apartment","2","","NULL","NULL","Y","0","0","NULL","6","Active Listings","Vacant Now | Two Bed + Maids | Water View","Nakheel","",""
"11792528","2025-11-04","Palm Jumeirah","Marina Residences","Marina Residences 1","","","4675000","2695","29005","1735","161.18","Apartment","2","","NULL","NULL","Y","0","0","NULL","5","Active Listings","Exclusive | Sea View | 2 Bedroom | Rented","Nakheel","",""
"11793305","2025-11-04","Palm Jumeirah","Marina Residences","Marina Residences 3","","","4100000","2006","21591","2044","189.89","Apartment","2","","NULL","NULL","Y","0","0","NULL","2","Active Listings","Luxury living  | VACANT | Waterfront living","Nakheel","",""
"11798956","2025-11-04","Palm Jumeirah","Marina Residences","Marina Residences 2","","","5900000","2987","32151","1975","183.51","Apartment","2","","NULL","NULL","Y","0","0","NULL","1","Active Listings","Completion in Nov | Pool Level | High End Finishes","Nakheel","",""
"11876015","2025-11-04","Palm Jumeirah","Marina Residences","Marina Residences 6","","","4300000","2221","23905","1936","179.88","Apartment","2","","NULL","NULL","Y","0","0","NULL","4","Active Listings","Vacant 2 Bed | Marina Views | D Type","Nakheel","",""
"10902961","2025-11-04","Palm Jumeirah","Marina Residences","","","","4000000","2305","24845","1735","161","Apartment","2","","NULL","NULL","","0","0","NULL","","Active Listings","2 Bed + Maids | Tenanted | Sea Views","Nakheel","",""
"11720651","2025-11-04","Palm Jumeirah","Marina Residences","Marina Residences 4","","","5500000","2256","24281","2438","226.51","Apartment","3","","NULL","NULL","Y","0","0","NULL","2","Active Listings","Great Offer | Low Floor | Maids Room","Nakheel","",""
"11720654","2025-11-04","Palm Jumeirah","Marina Residences","Marina Residences 4","","","5500000","2256","24281","2438","226.51","Apartment","3","","NULL","NULL","Y","0","0","NULL","2","Active Listings","Vaccant | 3 Bed + Maids | Marina views","Nakheel","",""
"10843099","2025-11-04","Palm Jumeirah","Marina Residences","Marina Residences 1","","","7975000","3160","34004","2524","234.53","Apartment","3","","NULL","NULL","Y","0","0","NULL","11","Active Listings","High Floor | Partial Sea View | Fully Renovated","Nakheel","",""
"11755238","2025-11-04","Palm Jumeirah","Marina Residences","Marina Residences 2","","","26000000","2536","27292","10254","952.65","Apartment","4","","NULL","NULL","Y","0","0","NULL","14","Active Listings","Duplex Unique Penthouse | Upgraded | Vacant","Nakheel","",""
"11813607","2025-11-04","Palm Jumeirah","Marina Residences","Marina Residences 2","","","13300000","3282","35279","4053","377","Apartment","3","","NULL","NULL","Y","0","0","NULL","","Active Listings","Mid Floor | Vacant Now | Full Sea Views","Nakheel","",""
"11689974","2025-11-04","Palm Jumeirah","Marina Residences","Marina Residences 5","","","16500000","3461","37251","4768","442.94","Apartment","3","","NULL","NULL","Y","0","0","NULL","LG","Active Listings","Luxury A Type | Extended Terrace | Exclusive","Nakheel","",""
"11793658","2025-11-04","Palm Jumeirah","Marina Residences","Marina Residences 1","","","8495000","2073","22316","4097","380.67","Apartment","2","Water","NULL","NULL","Y","0","0","NULL","LG","Active Listings","Exclusive | Vacant | West-Facing Townhouse","Nakheel","",""
"11705598","2025-11-04","Palm Jumeirah","Marina Residences","Marina Residences 3","","","4100000","2006","21591","2044","189.89","Apartment","2","","NULL","NULL","Y","0","0","NULL","2","Active Listings","Luxury living  | VACANT | Waterfront living","Nakheel","",""
"11766823","2025-11-03","Palm Jumeirah","Marina Residences","Marina Residences 2","","","35000000","2673","28768","13095","1216.61","Apartment","5","Marina","NULL","NULL","Y","0","0","NULL","14","Active Listings","5BR Penthouse+Maid | Fully Furnished | Sunset View","Nakheel","",""
"11896177","2025-11-03","Palm Jumeirah","Marina Residences","Marina Residences 3","","","39400000","3842","41358","10254","952.65","Apartment","4","","NULL","NULL","Y","0","0","NULL","14","Active Listings","Branded Unit | Luxury Living | Palm view","Nakheel","",""
"11687034","2025-11-03","Palm Jumeirah","Marina Residences","Marina Residences 5","","","8750000","3198","34449","2736","254","Apartment","3","","NULL","NULL","Y","0","0","NULL","","Active Listings","Atlantis Views | Beautiful Home | Brand New","Nakheel","",""
"9724579","2025-11-03","Palm Jumeirah","Marina Residences","Marina Residences 2","","","4195000","2243","24147","1870","173.73","Apartment","2","Community,Swimming Pool,Road,Partial Marina","NULL","NULL","Y","0","0","NULL","10","Active Listings","Vacant | Dubai Eye View | D Type","Nakheel","",""
"11808430","2025-11-03","Palm Jumeirah","Marina Residences","Marina Residences 2","","","26000000","2536","27292","10254","952.65","Apartment","4","","NULL","NULL","Y","0","0","NULL","14","Active Listings","Vacant 10,254 sqft Penthouse With Spacious Terrace","Nakheel","",""
"11703231","2025-11-03","Palm Jumeirah","Marina Residences","Marina Residences 2","","","26000000","2536","27292","10254","952.65","Apartment","4","","NULL","NULL","Y","0","0","NULL","14","Active Listings","Duplex | Corner Unit | Expansive Terrace","Nakheel","",""
"11775298","2025-11-01","Palm Jumeirah","Marina Residences","Marina Residences 3","","","3649999","1848","19890","1975","183.51","Apartment","2","","NULL","NULL","Y","0","0","NULL","1","Active Listings","AVAILABLE | Type D (2beds) | Marina Residence 3","Nakheel","",""
"11008599","2025-11-01","Palm Jumeirah","Marina Residences","Marina Residences 3","","","3649999","1848","19890","1975","183.51","Apartment","2","","NULL","NULL","Y","0","0","NULL","1","Active Listings","Exclusive | Type D (2beds) | Marina Residence 3","Nakheel","",""
"10998499","2025-11-01","Palm Jumeirah","Marina Residences","Marina Residences 6","","","4250000","2450","26398","1735","161","Apartment","2","","NULL","NULL","Y","0","0","NULL","","Active Listings","Vacant | 2 BR plus Maids Room | Sea View","Nakheel","",""
"11898936","2025-10-31","Palm Jumeirah","Marina Residences","Marina Residences 1","","","4550000","2254","24256","2019","187.58","Apartment","2","","","","Y","0","0","","11","Title Deed","","Nakheel","","Resale"
"11894647","2025-10-31","Palm Jumeirah","Marina Residences","Marina Residences 1","","","4950000","2666","28681","1857","172.59","Apartment","2","","","","Y","0","0","","3","Title Deed","","Nakheel","","Resale"
"11684599","2025-10-31","Palm Jumeirah","Marina Residences","Marina Residences 4","","","4450000","2309","24851","1927","179.07","Apartment","2","","NULL","NULL","Y","0","0","NULL","4","Active Listings","Unit Occupied | Only for Buyers | Spacious Layout","Nakheel","",""
"11048708","2025-10-30","Palm Jumeirah","Marina Residences","Marina Residences 2","","","4100000","2103","22629","1950","181.18","Apartment","2","","NULL","NULL","Y","0","0","NULL","3","Active Listings","Sea and Atlantis Views | Upgraded | Vacant","Nakheel","",""
"11054445","2025-10-29","Palm Jumeirah","Marina Residences","Marina Residences 2","","","5200000","2925","31515","1778","165","Apartment","2","","NULL","NULL","Y","0","0","NULL","","Active Listings","Vacant | Sunset View | High Floor","Nakheel","",""
"11706804","2025-10-29","Palm Jumeirah","Marina Residences","Marina Residences 2","","","8950000","2213","23815","4045","375.82","Apartment","2","","NULL","NULL","Y","0","0","NULL","LG","Active Listings","Renovated | Marina and Sunset view| VOT","Nakheel","",""
"11798966","2025-10-29","Palm Jumeirah","Marina Residences","Marina Residences 1","","","15000000","3701","39832","4053","376.58","Apartment","3","","NULL","NULL","Y","0","0","NULL","10","Active Listings","Fully Renovated Type A | Full Sea And Sunset Views","Nakheel","",""
"10683106","2025-10-29","Palm Jumeirah","Marina Residences","Marina Residences 4","","","4395000","2151","23132","2043","190","Apartment","2","","NULL","NULL","Y","0","0","NULL","","Active Listings","Exclusive| Extended Terrace| Marina and Burj View","Nakheel","",""
"11788644","2025-10-28","Palm Jumeirah","Marina Residences","Marina Residences 3","","","15250000","3763","40451","4053","377","Apartment","3","","NULL","NULL","Y","0","0","NULL","","Active Listings","Beautiful Upgrades | Open Plan | Sunset views","Nakheel","",""
"10861427","2025-10-28","Palm Jumeirah","Marina Residences","Marina Residences 3","","","10500000","2567","27635","4090","379.95","Apartment","2","","NULL","NULL","Y","0","0","NULL","LG","Active Listings","Fully Upgraded 3 Bedrooms Townhouse","Nakheel","",""
"11909274","2025-10-28","Palm Jumeirah","Marina Residences","Marina Residences 6","","","4400000","2156","23196","2041","189.69","Apartment","2","Community,Swimming Pool,Partial Marina","","","Y","0","0","","2","Pending Sales (SPA/MOU)","","Nakheel","",""
"11800540","2025-10-27","Palm Jumeirah","Marina Residences","Marina Residences 3","","","3500000","1711","18422","2045","189.99","Apartment","2","Community","NULL","NULL","Y","0","0","NULL","1","Active Listings","LUXURY | 2 BED APARTMENT | BALCONY","Nakheel","",""
"11693044","2025-10-27","Palm Jumeirah","Marina Residences","Marina Residences 4","","","7850000","1920","20658","4089","380","Townhouse","2","","NULL","NULL","Y","0","0","NULL","G+1","Active Listings","Vacant On Transfer | Rare Townhouse | Best Price","Nakheel","",""
"11906047","2025-10-27","Palm Jumeirah","Marina Residences","Marina Residences 4","","","5000000","2050","22060","2439","226.65","Apartment","3","Sea View","","","Y","0","0","","3","Pending Sales (SPA/MOU)","","Nakheel","",""
"11802646","2025-10-24","Palm Jumeirah","Marina Residences","Marina Residences 3","","","3390000","1813","19513","1870","173.73","Apartment","2","","","","Y","0","0","","5","Title Deed","","Nakheel","","Resale"
"11767380","2025-10-24","Palm Jumeirah","Marina Residences","Marina Residences 2","","","4675000","2695","29037","1735","161","Apartment","2","","NULL","NULL","Y","0","0","NULL","","Active Listings","TWO BEDROOM | FULL SEA VIEW | VACANT NOW","Nakheel","",""
"11797534","2025-10-23","Palm Jumeirah","Marina Residences","Marina Residences 4","","","10200000","2517","27086","4053","376.58","Apartment","3","","","","Y","0","0","","4","Title Deed","","Nakheel","","Resale"
"11797828","2025-10-23","Palm Jumeirah","Marina Residences","Marina Residences 2","","","18000000","2639","28407","6820","633.65","Apartment","4","","","","Y","0","0","","14","Title Deed","","Nakheel","","Resale"
"11710806","2025-10-23","Palm Jumeirah","Marina Residences","Marina Residences 2","","","4650000","2680","28882","1735","161","Apartment","2","","NULL","NULL","Y","0","0","NULL","","Active Listings","Full Sea + Skyline View | Vacant | C Type","Nakheel","",""
"10335030","2025-10-22","Palm Jumeirah","Marina Residences","Marina Residences 3","","","3500000","1711","18422","2045","189.99","Apartment","2","Community","NULL","NULL","Y","0","0","NULL","1","Active Listings","Luxury | 2 Bed Apartment   | With Balcony","Nakheel","",""
"11658046","2025-10-22","Palm Jumeirah","Marina Residences","Marina Residences 2","","","5900000","2987","32151","1975","183.51","Apartment","2","","NULL","NULL","Y","0","0","NULL","1","Active Listings","Completion in Nov | Pool Level | High End Finishes","Nakheel","",""
"11771466","2025-10-22","Palm Jumeirah","Marina Residences","Marina Residences 4","","","7850000","1920","20661","4089","379.95","Apartment","2","","NULL","NULL","Y","0","0","NULL","LG","Active Listings","Elegant TH | Royal Atlantis View | Best Price","Nakheel","",""
"11032907","2025-10-22","Palm Jumeirah","Marina Residences","Marina Residences 2","","","5300000","2598","27895","2040","190","Apartment","2","","NULL","NULL","Y","0","0","NULL","","Active Listings","2 Garages n 1 Parking | Type C | Sea View | Vacant","Nakheel","",""
"10834537","2025-10-22","Palm Jumeirah","Marina Residences","Marina Residences 3","","","3350000","1730","18611","1936","180","Apartment","2","","NULL","NULL","Y","0","0","NULL","","Active Listings","Unfurnished | Community View | Prime Location","Nakheel","",""
"11656327","2025-10-22","Palm Jumeirah","Marina Residences","Marina Residences 1","","","15000000","3701","39832","4053","376.58","Apartment","3","","NULL","NULL","Y","0","0","NULL","10","Active Listings","Price Reduced | Upgraded Type A | Full Sunset View","Nakheel","",""
"11651802","2025-10-22","Palm Jumeirah","Marina Residences","Marina Residences 2","","","5500000","3170","34161","1735","161","Apartment","2","","NULL","NULL","Y","0","0","NULL","","Active Listings","Modern 2 Bedroom | Furnished | Vacant","Nakheel","",""
"11710848","2025-10-21","Palm Jumeirah","Marina Residences","Marina Residences 1","","","8495000","2073","22316","4097","380.67","Apartment","2","Water","NULL","NULL","Y","0","0","NULL","LG","Active Listings","Exclusive | Vacant | West-Facing Townhouse","Nakheel","",""
"10975074","2025-10-20","Palm Jumeirah","Marina Residences","Marina Residences 6","","","4300000","2220","23889","1937","180","Apartment","2","","NULL","NULL","Y","0","0","NULL","","Active Listings","Vacant | Marina View | Mid Floor","Nakheel","",""
"11030194","2025-10-20","Palm Jumeirah","Marina Residences","Marina Residences 2","","","13300000","3282","35279","4053","377","Apartment","3","","NULL","NULL","Y","0","0","NULL","","Active Listings","Huge A Type End Unit | Sea View | Double Garage","Nakheel","",""
"11716035","2025-10-20","Palm Jumeirah","Marina Residences","Marina Residences 3","","","15950000","3935","42308","4053","377","Apartment","3","","NULL","NULL","","0","0","NULL","","Active Listings","Beautiful Upgrades | Open Plan | Vacant  Now","Nakheel","",""
"11690235","2025-10-20","Palm Jumeirah","Marina Residences","Marina Residences 3","","","6500000","2664","28679","2440","226.65","Apartment","3","","NULL","NULL","Y","0","0","NULL","3","Active Listings","Mid Floor | B Type | Marina Residences 3","Nakheel","",""
"10901395","2025-10-19","Palm Jumeirah","Marina Residences","Marina Residences 5","","","8950000","2240","24124","3996","371","Townhouse","2","","NULL","NULL","","0","0","NULL","G+1","Active Listings","Spacious | Well Maintained | Family Building","Nakheel","",""
"10963232","2025-10-16","Palm Jumeirah","Marina Residences","Marina Residences 4","","","5500000","2256","24336","2438","226","Apartment","3","","NULL","NULL","","0","0","NULL","","Active Listings","Vacant | Partial Sea Views | In-Demand","Nakheel","",""
"11754897","2025-10-16","Palm Jumeirah","Marina Residences","Marina Residences 5","","","19700000","1921","20679","10254","952.65","Apartment","4","","","","Y","0","0","","14","Title Deed","","Nakheel","","Resale"
"10963060","2025-10-15","Palm Jumeirah","Marina Residences","Marina Residences 1","","","7200000","2617","28125","2751","256","Apartment","3","","NULL","NULL","","0","0","NULL","","Active Listings","Large Terrace | Garage | Type B Unit","Nakheel","",""
"11705852","2025-10-15","Palm Jumeirah","Marina Residences","Marina Residences 2","","","4650000","2680","28882","1735","161","Apartment","2","","NULL","NULL","Y","0","0","NULL","","Active Listings","Vacant | Best Building | Full Marina View","Nakheel","",""
"10892401","2025-10-14","Palm Jumeirah","Marina Residences","Marina Residences 1","","","7000000","2545","27388","2751","255.59","Apartment","3","","NULL","NULL","Y","0","0","NULL","LG","Active Listings","Sunset View | Private Garage | Large Terrace","Nakheel","",""
"11533764","2025-10-14","Palm Jumeirah","Marina Residences","Marina Residences 6","","","4250000","2082","22405","2041","189.69","Apartment","2","Community,Swimming Pool,Partial Marina","NULL","NULL","Y","0","0","NULL","2","Active Listings","Large Terrace | Pool View | Maids Room","Nakheel","",""
"11535557","2025-10-14","Palm Jumeirah","Marina Residences","Marina Residences 3","","","10000000","2445","26316","4090","380","Apartment","2","","NULL","NULL","Y","0","0","NULL","","Active Listings","Fully Upgraded | Marina Views | 2 Bedroom","Nakheel","",""
"9129170","2025-10-14","Palm Jumeirah","Marina Residences","Marina Residences 4","","","4200000","2421","26053","1735","161.21","Apartment","2","Community,Road,Restricted Sea","","","Y","0","0","","6","Title Deed","","Nakheel","","Resale"
"9126007","2025-10-10","Palm Jumeirah","Marina Residences","Marina Residences 4","","","7200000","2953","31778","2438","226.57","Apartment","3","","","","Y","0","0","","9","Title Deed","","Nakheel","","Resale"
"10882110","2025-10-09","Palm Jumeirah","Marina Residences","Marina Residences 3","","","3500000","1872","20115","1870","174","Apartment","2","","NULL","NULL","Y","0","0","NULL","","Active Listings","LARGE BALCONY | ATLANTIS VIEW | BEST VALUE","Nakheel","",""
"9123348","2025-10-08","Palm Jumeirah","Marina Residences","Marina Residences 4","","","3600000","1925","20722","1870","173.73","Apartment","2","","","","Y","0","0","","5","Title Deed","","Nakheel","","Resale"
"11672657","2025-10-08","Palm Jumeirah","Marina Residences","Marina Residences 1","","","8750000","2136","22986","4097","380.67","Apartment","2","Water","NULL","NULL","Y","0","0","NULL","LG","Active Listings","Exclusive | Vacant | West-Facing Townhouse","Nakheel","",""
"11680157","2025-10-08","Palm Jumeirah","Marina Residences","Marina Residences 4","","","5475000","2245","24119","2439","227","Apartment","3","","NULL","NULL","Y","0","0","NULL","","Active Listings","Far Reaching Community Views | Vacant","Nakheel","",""
"11022348","2025-10-07","Palm Jumeirah","Marina Residences","Marina Residences 3","","","4100000","2006","21591","2044","189.89","Apartment","2","","NULL","NULL","Y","0","0","NULL","2","Active Listings","Luxury living  | VACANT | Waterfront living","Nakheel","",""
"10971979","2025-10-07","Palm Jumeirah","Marina Residences","Marina Residences 2","","","4675000","2696","29005","1734","161.18","Apartment","2","","NULL","NULL","Y","0","0","NULL","6","Active Listings","Vacant | Best Building | Full Marina View","Nakheel","",""
"11696243","2025-10-07","Palm Jumeirah","Marina Residences","Marina Residences 4","","","3900000","2016","21691","1935","179.8","Apartment","2","Community View","NULL","NULL","Y","0","0","NULL","3","Active Listings","Spacious Layout | Big Terrace | Well maintained","Nakheel","",""
"10881438","2025-10-07","Palm Jumeirah","Marina Residences","Marina Residences 4","","","4200000","2362","25455","1778","165","Apartment","2","","NULL","NULL","Y","0","0","NULL","","Active Listings","Vacant Soon | Atlantis and Sea Views l High Floor","Nakheel","",""
"11033804","2025-10-07","Palm Jumeirah","Marina Residences","Marina Residences 2","","","8950000","2213","23815","4045","375.82","Apartment","2","","NULL","NULL","Y","0","0","NULL","LG","Active Listings","Renovated | Marina and Sunset view| VOT","Nakheel","",""
"11691408","2025-10-06","Palm Jumeirah","Marina Residences","Marina Residences 4","","","5475000","2245","24156","2439","226.65","Apartment","3","Sea View","NULL","NULL","Y","0","0","NULL","3","Active Listings","Best Priced | Great Investment | Brand New","Nakheel","",""
"10976715","2025-10-06","Palm Jumeirah","Marina Residences","Marina Residences 6","","","8450000","3343","35979","2528","234.86","Apartment","1","","NULL","NULL","N","0","0","NULL","9","Active Listings","Exceptional Living Superbly Reconfigured Turnkey","Nakheel","",""
"11678653","2025-10-03","Palm Jumeirah","Marina Residences","Marina Residences 4","","","3900000","2016","21667","1935","180","Apartment","2","","NULL","NULL","","0","0","NULL","","Active Listings","Spacious Layout | Big Terrace | Well maintained","Nakheel","",""
"10958177","2025-10-02","Palm Jumeirah","Marina Residences","Marina Residences 6","","","4350000","2447","26364","1778","165","Apartment","2","","NULL","NULL","","0","0","NULL","","Active Listings","Partial Sea and Marina View | High Floor | C Type","Nakheel","",""
"11528596","2025-10-02","Palm Jumeirah","Marina Residences","Marina Residences 5","","","4800000","2353","25319","2040","189.58","Apartment","2","","NULL","NULL","Y","0","0","NULL","3","Active Listings","Marina Residences | C Type | Vacant on Transfer","Nakheel","",""
"10373610","2025-10-02","Palm Jumeirah","Marina Residences","Marina Residences 5","","","3600000","2075","22331","1735","161.21","Apartment","2","","NULL","NULL","Y","0","0","NULL","5","Active Listings","Partial Sea View | Renovated | Vacant on Transfer","Nakheel","",""
"10973959","2025-10-01","Palm Jumeirah","Marina Residences","Marina Residences 3","","","6500000","2664","28679","2440","226.65","Apartment","3","","NULL","NULL","Y","0","0","NULL","3","Active Listings","Mid Floor | B Type | Marina Residences 3","Nakheel","",""
"11010433","2025-10-01","Palm Jumeirah","Marina Residences","Marina Residences 5","","","8995000","3288","35413","2736","254","Apartment","3","","NULL","NULL","","0","0","NULL","","Active Listings","Stunning Upgrades | Waterfront | Atlantis Views","Nakheel","",""
"10848928","2025-10-01","Palm Jumeirah","Marina Residences","Marina Residences 4","","","4300000","2478","26708","1735","161","Apartment","2","","NULL","NULL","","0","0","NULL","","Active Listings","Atlantis Views | C Type | Mid floor | 2 Beds","Nakheel","",""
"11048884","2025-10-01","Palm Jumeirah","Marina Residences","Marina Residences 4","","","16000000","3948","42440","4053","377","Apartment","3","","NULL","NULL","","0","0","NULL","","Active Listings","Exclusive | Vacant Now | Atlantis View","Nakheel","",""
"10944463","2025-10-01","Palm Jumeirah","Marina Residences","Marina Residences 4","","","5475000","2245","24156","2439","226.65","Apartment","3","Sea View","NULL","NULL","Y","0","0","NULL","3","Active Listings","Turnkey | Vacant Now | Brand New to Market","Nakheel","",""
"10857348","2025-09-30","Palm Jumeirah","Marina Residences","Marina Residences 1","","","12000000","2961","31830","4053","377","Apartment","3","","NULL","NULL","","0","0","NULL","","Active Listings","3 BEDROOM | 4053.47 SQFT | VACANT ON TRANSFER","Nakheel","",""
"10928843","2025-09-30","Palm Jumeirah","Marina Residences","Marina Residences 5","","","4100000","2118","22793","1936","179.88","Apartment","2","","NULL","NULL","Y","0","0","NULL","4","Active Listings","Sea Views | Vacant Now | Larger Layout","Nakheel","",""
"11006426","2025-09-30","Palm Jumeirah","Marina Residences","Marina Residences 4","","","4450000","2309","24851","1927","179.07","Apartment","2","","NULL","NULL","Y","0","0","NULL","4","Active Listings","Unit Occupied | Only for Buyers | Spacious Layout","Nakheel","",""
"11679809","2025-09-29","Palm Jumeirah","Marina Residences","Marina Residences 3","","","4100000","2006","21591","2044","189.89","Apartment","2","","NULL","NULL","Y","0","0","NULL","2","Active Listings","Luxury living  | VACANT | Waterfront living","Nakheel","",""
"11010507","2025-09-29","Palm Jumeirah","Marina Residences","Marina Residences 4","","","5475000","2245","24156","2439","226.65","Apartment","3","Sea View","NULL","NULL","Y","0","0","NULL","3","Active Listings","Far Reaching Community Views | Vacant","Nakheel","",""
"11032310","2025-09-29","Palm Jumeirah","Marina Residences","Marina Residences 4","","","3800000","1964","21111","1935","180","Apartment","2","","NULL","NULL","","0","0","NULL","","Active Listings","Spacious Layout | Big Terrace | Well maintained","Nakheel","",""
"10914057","2025-09-28","Palm Jumeirah","Marina Residences","Marina Residences 6","","","4350000","2447","26364","1778","165","Apartment","2","","NULL","NULL","","0","0","NULL","","Active Listings","Vacant Soon | High Floor | Extended Balcony","Nakheel","",""
"11674412","2025-09-28","Palm Jumeirah","Marina Residences","Marina Residences 3","","","4100000","2008","21579","2042","190","Apartment","2","","NULL","NULL","","0","0","NULL","","Active Listings","Luxury living  | VACANT | Waterfront living","Nakheel","",""
"11665243","2025-09-28","Palm Jumeirah","Marina Residences","Marina Residences 3","","","4200000","2080","22390","2019","187.58","Apartment","2","Sea View","NULL","NULL","Y","0","0","NULL","13","Active Listings","Sea Views | High Floor Unit | Tenanted","Nakheel","",""
"11032412","2025-09-28","Palm Jumeirah","Marina Residences","Marina Residences 2","","","35000000","2673","28759","13095","1217","Apartment","5","","NULL","NULL","","0","0","NULL","","Active Listings","5BR Penthouse+Maid | Fully Furnished | Sunset View","Nakheel","",""
"11647842","2025-09-28","Palm Jumeirah","Marina Residences","Marina Residences 1","","","12000000","2961","31830","4053","377","Apartment","3","","NULL","NULL","","0","0","NULL","","Active Listings","Full Sea View | Largest Layout | Type A | VOT","Nakheel","",""
"11528882","2025-09-28","Palm Jumeirah","Marina Residences","Marina Residences 5","","","4000000","2066","22222","1936","180","Apartment","2","","NULL","NULL","","0","0","NULL","","Active Listings","Sea View | Type D | Vacant | Fully Furnished","Nakheel","",""
"10908430","2025-09-27","Palm Jumeirah","Marina Residences","Marina Residences 3","","","4100000","2193","23563","1870","174","Apartment","2","","NULL","NULL","","0","0","NULL","","Active Listings","Exclusive | High Floor | Sunset Views","Nakheel","",""
"10914086","2025-09-27","Palm Jumeirah","Marina Residences","Marina Residences 4","","","7850000","1920","20658","4089","380","Townhouse","2","","NULL","NULL","","0","0","NULL","G+1","Active Listings","Vacant On Transfer | Townhouse | Rare","Nakheel","",""
"11528807","2025-09-27","Palm Jumeirah","Marina Residences","Marina Residences 1","","","4650000","2303","24734","2019","188","Apartment","2","","NULL","NULL","","0","0","NULL","","Active Listings","High Floor | Full Sea View | Fully Upgraded","Nakheel","",""
"11054735","2025-09-27","Palm Jumeirah","Marina Residences","Marina Residences 1","","","4650000","2303","24734","2019","188","Apartment","2","","NULL","NULL","","0","0","NULL","","Active Listings","Fully Renovated | High Floor | Sunset Views","Nakheel","",""
"11034054","2025-09-26","Palm Jumeirah","Marina Residences","Marina Residences 1","","","8750000","2136","22986","4097","380.67","Apartment","2","Water","NULL","NULL","Y","0","0","NULL","LG","Active Listings","Exclusive | Vacant | West-Facing Townhouse","Nakheel","",""
"11535047","2025-09-25","Palm Jumeirah","Marina Residences","Marina Residences 1","","","4650000","2303","24789","2019","187.58","Apartment","2","","NULL","NULL","Y","0","0","NULL","11","Active Listings","Fully Upgraded | D Type | Vacant | Sea View","Nakheel","",""
"10963097","2025-09-24","Palm Jumeirah","Marina Residences","Marina Residences 6","","","13000000","3207","34483","4054","377","Apartment","3","","NULL","NULL","","0","0","NULL","","Active Listings","HUGE A TYPE | FULL SEA VIEW  | FULLY UPGRADED","Nakheel","",""
"11055814","2025-09-24","Palm Jumeirah","Marina Residences","Marina Residences 5","","","4800000","2352","25263","2041","190","Apartment","2","","NULL","NULL","","0","0","NULL","","Active Listings","Upgraded | Burj Al Arab View | C-type","Nakheel","",""
